Handle,Title,Body (HTML),Vendor,Product Category,Type,Tags,Published,Option1 Name,Option1 Value,Option1 Linked To,Option2 Name,Option2 Value,Option2 Linked To,Option3 Name,Option3 Value,Option3 Linked To,Variant SKU,Variant Grams,Variant Inventory Tracker,Variant Inventory Qty,Variant Inventory Policy,Variant Fulfillment Service,Variant Price,Variant Compare At Price,Variant Requires Shipping,Variant Taxable,Unit Price Total Measure,Unit Price Total Measure Unit,Unit Price Base Measure,Unit Price Base Measure Unit,Variant Barcode,Image Src,Image Position,Image Alt Text,Gift Card,SEO Title,SEO Description,EComposer product countdown end at (product.metafields.ecomposer.countdown),EComposer product countdown start at (product.metafields.ecomposer.countdown_from),Accessory size (product.metafields.shopify.accessory-size),Color (product.metafields.shopify.color-pattern),Material (product.metafields.shopify.material),Plant class (product.metafields.shopify.plant-class),Shape (product.metafields.shopify.shape),Suitable space (product.metafields.shopify.suitable-space),Variant Image,Variant Weight Unit,Variant Tax Code,Cost per item,Status
elegant-off-white-lid-and-base-box-with-black-gold-foil-logo-premium-gift-packaging,Elegant Off-White Lid and Base Box with Black Gold Foil Logo Premium Gift Packaging,"<p><span>This off-white gift box features black gold foil stamping on premium textured paper. The 155x62x22mm size is perfect for jewelry, cosmetics, or luxury accessories. Crafted with 120g Inspiration Essence Elegant Lotus Cloth Texture paper in ultra-white and reinforced with 1200G single black cardboard, this box delivers exceptional quality and visual appeal. The black gold foil creates a striking contrast against the off-white background for a truly premium look.</span></p>",洧洧녿洧놁洧놑洧누,Arts & Entertainment > Party & Celebration > Gift Giving > Gift Wrapping > Gift Boxes & Tins,Lid & Base Gift Box,"box, branded boxes, cosmetic box, cosmetic gift box, Cosmetic packaging, cosmetic packaging box, cosmetic packaging boxes, custom luxury packaging, custom packaging, gift box, Gift packaging, gift packaging box, gold foil packaging, jewelry gift boxes, lid and base boxes, lid and base gift boxes, luxury gift boxes, luxury retail boxes, Packaging, packaging box, perfume box, perfume gift box, Perfume packaging, perfume packaging box, pink cosmetic boxes, pink gift boxes, premium gift packaging, textured paper boxes",true,Title,Default Title,,,,,,,,XLBP-00019,0.0,,0,deny,manual,0.10,,true,true,,,,,XLBP-00019,https://cdn.shopify.com/s/files/1/0727/3614/5573/files/ElegantOff-WhiteLidandBaseBoxwithBlackGoldFoilLogoPremiumGiftPackagingXLBP-00019_1.png?v=1762847445,1,"",false,,"Custom off-white gift boxes 155x62x22mm with black gold foil stamping. Premium lotus cloth texture packaging starting at $0.10/piece, 500 piece minimum order.",,,,gold; pink,paper; cardboard,,rectangular,,,lb,,,active
elegant-off-white-lid-and-base-box-with-black-gold-foil-logo-premium-gift-packaging,,,,,,,,,,,,,,,,,,,,,,,,,,,,,,,,https://cdn.shopify.com/s/files/1/0727/3614/5573/files/ElegantOff-WhiteLidandBaseBoxwithBlackGoldFoilLogoPremiumGiftPackagingXLBP-00019_2.png?v=1762847445,2,"",,,,,,,,,,,,,,,,
elegant-off-white-lid-and-base-box-with-black-gold-foil-logo-premium-gift-packaging,,,,,,,,,,,,,,,,,,,,,,,,,,,,,,,,https://cdn.shopify.com/s/files/1/0727/3614/5573/files/ElegantOff-WhiteLidandBaseBoxwithBlackGoldFoilLogoPremiumGiftPackagingXLBP-00019_4.png?v=1762847786,3,"",,,,,,,,,,,,,,,,
elegant-off-white-lid-and-base-box-with-black-gold-foil-logo-premium-gift-packaging,,,,,,,,,,,,,,,,,,,,,,,,,,,,,,,,https://cdn.shopify.com/s/files/1/0727/3614/5573/files/ElegantOff-WhiteLidandBaseBoxwithBlackGoldFoilLogoPremiumGiftPackagingXLBP-00019_3.png?v=1762847786,4,"",,,,,,,,,,,,,,,,
elegant-off-white-lid-and-base-box-with-black-gold-foil-logo-premium-gift-packaging,,,,,,,,,,,,,,,,,,,,,,,,,,,,,,,,https://cdn.shopify.com/s/files/1/0727/3614/5573/files/ElegantOff-WhiteLidandBaseBoxwithBlackGoldFoilLogoPremiumGiftPackagingXLBP-00019_6.png?v=1762847786,5,"",,,,,,,,,,,,,,,,
elegant-off-white-lid-and-base-box-with-black-gold-foil-logo-premium-gift-packaging,,,,,,,,,,,,,,,,,,,,,,,,,,,,,,,,https://cdn.shopify.com/s/files/1/0727/3614/5573/files/ElegantOff-WhiteLidandBaseBoxwithBlackGoldFoilLogoPremiumGiftPackagingXLBP-00019_7.png?v=1762847786,6,"",,,,,,,,,,,,,,,,
elegant-off-white-lid-and-base-box-with-black-gold-foil-logo-premium-gift-packaging,,,,,,,,,,,,,,,,,,,,,,,,,,,,,,,,https://cdn.shopify.com/s/files/1/0727/3614/5573/files/ElegantOff-WhiteLidandBaseBoxwithBlackGoldFoilLogoPremiumGiftPackagingXLBP-00019_5.png?v=1762847786,7,"",,,,,,,,,,,,,,,,
premium-pink-embossed-gold-foil-lid-and-base-gift-packaging,Premium Pink Embossed Gold Foil Lid and Base Gift Packaging,"<p><span>This exquisite pink gift box features embossed gold foil detailing on premium textured paper. The 155x62x22mm size is ideal for jewelry, cosmetics, or small luxury items. Constructed with 120g Pure Brand Inspiration Essence textured paper in pink and reinforced with 1200G single black cardboard, this box combines elegance with durability. The embossed gold foil creates raised, tactile patterns that enhance the premium unboxing experience.</span></p>",洧洧녿洧놁洧놑洧누,Arts & Entertainment > Party & Celebration > Gift Giving > Gift Wrapping > Gift Boxes & Tins,Lid & Base Gift Box,"box, branded boxes, cosmetic box, cosmetic gift box, Cosmetic packaging, cosmetic packaging box, cosmetic packaging boxes, custom luxury packaging, custom packaging, gift box, Gift packaging, gift packaging box, gold foil packaging, jewelry gift boxes, lid and base boxes, lid and base gift boxes, luxury gift boxes, luxury retail boxes, Packaging, packaging box, perfume box, perfume gift box, Perfume packaging, perfume packaging box, pink cosmetic boxes, pink gift boxes, premium gift packaging, textured paper boxes",true,Title,Default Title,,,,,,,,XLBP-00018,0.0,,0,deny,manual,0.10,,true,true,,,,,XLBP-00018,https://cdn.shopify.com/s/files/1/0727/3614/5573/files/PremiumPinkEmbossedGoldFoilLidandBaseGiftPackagingXLBP-00018_1.png?v=1762740931,1,"",false,,"Custom pink gift boxes 155x62x22mm with embossed gold foil stamping. Premium textured packaging starting at $0.10/piece, 500 piece minimum order.",,,,gold; pink,paper; cardboard,,rectangular,,,lb,,,active
premium-pink-embossed-gold-foil-lid-and-base-gift-packaging,,,,,,,,,,,,,,,,,,,,,,,,,,,,,,,,https://cdn.shopify.com/s/files/1/0727/3614/5573/files/PremiumPinkEmbossedGoldFoilLidandBaseGiftPackagingXLBP-00018_2.png?v=1762740930,2,"",,,,,,,,,,,,,,,,
premium-pink-embossed-gold-foil-lid-and-base-gift-packaging,,,,,,,,,,,,,,,,,,,,,,,,,,,,,,,,https://cdn.shopify.com/s/files/1/0727/3614/5573/files/PremiumPinkEmbossedGoldFoilLidandBaseGiftPackagingXLBP-00018_4.png?v=1762740984,3,"",,,,,,,,,,,,,,,,
premium-pink-embossed-gold-foil-lid-and-base-gift-packaging,,,,,,,,,,,,,,,,,,,,,,,,,,,,,,,,https://cdn.shopify.com/s/files/1/0727/3614/5573/files/PremiumPinkEmbossedGoldFoilLidandBaseGiftPackagingXLBP-00018_3.png?v=1762740984,4,"",,,,,,,,,,,,,,,,
premium-pink-embossed-gold-foil-lid-and-base-gift-packaging,,,,,,,,,,,,,,,,,,,,,,,,,,,,,,,,https://cdn.shopify.com/s/files/1/0727/3614/5573/files/PremiumPinkEmbossedGoldFoilLidandBaseGiftPackagingXLBP-00018_6.png?v=1762740984,5,"",,,,,,,,,,,,,,,,
premium-pink-embossed-gold-foil-lid-and-base-gift-packaging,,,,,,,,,,,,,,,,,,,,,,,,,,,,,,,,https://cdn.shopify.com/s/files/1/0727/3614/5573/files/PremiumPinkEmbossedGoldFoilLidandBaseGiftPackagingXLBP-00018_7.png?v=1762740984,6,"",,,,,,,,,,,,,,,,
premium-pink-embossed-gold-foil-lid-and-base-gift-packaging,,,,,,,,,,,,,,,,,,,,,,,,,,,,,,,,https://cdn.shopify.com/s/files/1/0727/3614/5573/files/PremiumPinkEmbossedGoldFoilLidandBaseGiftPackagingXLBP-00018_5.png?v=1762740984,7,"",,,,,,,,,,,,,,,,
elegant-pink-lid-and-base-box-with-embossed-gold-foil,Elegant Pink Lid and Base Box with Embossed Gold Foil,"<p><span>This pink gift box showcases embossed gold foil detailing on premium textured paper. The 155x62x22mm dimensions make it perfect for jewelry, beauty products, or luxury accessories. Crafted with 120g Pure Brand Inspiration Essence textured paper in pink and reinforced with 1200G single black cardboard, this box delivers exceptional durability and visual appeal. The embossed gold foil creates raised patterns that add tactile luxury to the unboxing experience.</span></p>",洧洧녿洧놁洧놑洧누,Arts & Entertainment > Party & Celebration > Gift Giving > Gift Wrapping > Gift Boxes & Tins,Lid & Base Gift Box,"box, branded boxes, cosmetic box, cosmetic gift box, Cosmetic packaging, cosmetic packaging box, cosmetic packaging boxes, custom luxury packaging, custom packaging, gift box, Gift packaging, gift packaging box, gold foil packaging, jewelry gift boxes, lid and base boxes, lid and base gift boxes, luxury gift boxes, luxury retail boxes, Packaging, packaging box, perfume box, perfume gift box, Perfume packaging, perfume packaging box, pink cosmetic boxes, pink gift boxes, premium gift packaging, textured paper boxes",true,Title,Default Title,,,,,,,,XLBP-00017,0.0,,0,deny,manual,0.10,,true,true,,,,,XLBP-00017,https://cdn.shopify.com/s/files/1/0727/3614/5573/files/ElegantPinkLidandBaseBoxwithEmbossedGoldFoilXLBP-00017_1.png?v=1762740618,1,"",false,,"Custom pink gift boxes 155x62x22mm with gold foil stamping. Premium textured packaging starting at $0.10/piece, 500 piece minimum order.",,,,gold; pink,paper; cardboard,,rectangular,,,lb,,,active
elegant-pink-lid-and-base-box-with-embossed-gold-foil,,,,,,,,,,,,,,,,,,,,,,,,,,,,,,,,https://cdn.shopify.com/s/files/1/0727/3614/5573/files/ElegantPinkLidandBaseBoxwithEmbossedGoldFoilXLBP-00017_2.png?v=1762740619,2,"",,,,,,,,,,,,,,,,
elegant-pink-lid-and-base-box-with-embossed-gold-foil,,,,,,,,,,,,,,,,,,,,,,,,,,,,,,,,https://cdn.shopify.com/s/files/1/0727/3614/5573/files/ElegantPinkLidandBaseBoxwithEmbossedGoldFoilXLBP-00017_4.png?v=1762740744,3,"",,,,,,,,,,,,,,,,
elegant-pink-lid-and-base-box-with-embossed-gold-foil,,,,,,,,,,,,,,,,,,,,,,,,,,,,,,,,https://cdn.shopify.com/s/files/1/0727/3614/5573/files/ElegantPinkLidandBaseBoxwithEmbossedGoldFoilXLBP-00017_3.png?v=1762740744,4,"",,,,,,,,,,,,,,,,
elegant-pink-lid-and-base-box-with-embossed-gold-foil,,,,,,,,,,,,,,,,,,,,,,,,,,,,,,,,https://cdn.shopify.com/s/files/1/0727/3614/5573/files/ElegantPinkLidandBaseBoxwithEmbossedGoldFoilXLBP-00017_6.png?v=1762740744,5,"",,,,,,,,,,,,,,,,
elegant-pink-lid-and-base-box-with-embossed-gold-foil,,,,,,,,,,,,,,,,,,,,,,,,,,,,,,,,https://cdn.shopify.com/s/files/1/0727/3614/5573/files/ElegantPinkLidandBaseBoxwithEmbossedGoldFoilXLBP-00017_7.png?v=1762740744,6,"",,,,,,,,,,,,,,,,
elegant-pink-lid-and-base-box-with-embossed-gold-foil,,,,,,,,,,,,,,,,,,,,,,,,,,,,,,,,https://cdn.shopify.com/s/files/1/0727/3614/5573/files/ElegantPinkLidandBaseBoxwithEmbossedGoldFoilXLBP-00017_5.png?v=1762740744,7,"",,,,,,,,,,,,,,,,
premium-pink-lid-and-base-box-with-gold-foil,Premium Pink Lid and Base Box with Gold Foil,"<p><span>This compact pink gift box features gold foil stamping on high-quality textured paper. The 155x62x22mm size works perfectly for cosmetics, or small luxury items. Built with 120g pink textured paper and reinforced with thick 1200G black cardboard, this box gives you both style and strength. The gold foil catches light beautifully and adds that premium touch your customers expect.</span></p>",洧洧녿洧놁洧놑洧누,Arts & Entertainment > Party & Celebration > Gift Giving > Gift Wrapping > Gift Boxes & Tins,Lid & Base Gift Box,"box, branded boxes, cosmetic box, cosmetic gift box, Cosmetic packaging, cosmetic packaging box, cosmetic packaging boxes, custom luxury packaging, custom packaging, gift box, Gift packaging, gift packaging box, gold foil packaging, jewelry gift boxes, lid and base boxes, lid and base gift boxes, luxury gift boxes, luxury retail boxes, Packaging, packaging box, perfume box, perfume gift box, Perfume packaging, perfume packaging box, pink cosmetic boxes, pink gift boxes, premium gift packaging, textured paper boxes",true,Title,Default Title,,,,,,,,XLBP-00016,0.0,,0,deny,manual,0.10,,true,true,,,,,XLBP-00016,https://cdn.shopify.com/s/files/1/0727/3614/5573/files/PremiumPinkLidandBaseBoxwithGoldFoilXLBP-00016_1.png?v=1762739735,1,"",false,,"Custom pink gift boxes 155x62x22mm with gold foil stamping. Premium textured packaging starting at $0.10/piece, 500 piece minimum order.",,,,gold; pink,paper; cardboard,,rectangular,,,lb,,,active
premium-pink-lid-and-base-box-with-gold-foil,,,,,,,,,,,,,,,,,,,,,,,,,,,,,,,,https://cdn.shopify.com/s/files/1/0727/3614/5573/files/PremiumPinkLidandBaseBoxwithGoldFoilXLBP-00016_2.png?v=1762739735,2,"",,,,,,,,,,,,,,,,
premium-pink-lid-and-base-box-with-gold-foil,,,,,,,,,,,,,,,,,,,,,,,,,,,,,,,,https://cdn.shopify.com/s/files/1/0727/3614/5573/files/PremiumPinkLidandBaseBoxwithGoldFoilXLBP-00016_4.png?v=1762739735,3,"",,,,,,,,,,,,,,,,
premium-pink-lid-and-base-box-with-gold-foil,,,,,,,,,,,,,,,,,,,,,,,,,,,,,,,,https://cdn.shopify.com/s/files/1/0727/3614/5573/files/PremiumPinkLidandBaseBoxwithGoldFoilXLBP-00016_3.png?v=1762739735,4,"",,,,,,,,,,,,,,,,
premium-pink-lid-and-base-box-with-gold-foil,,,,,,,,,,,,,,,,,,,,,,,,,,,,,,,,https://cdn.shopify.com/s/files/1/0727/3614/5573/files/PremiumPinkLidandBaseBoxwithGoldFoilXLBP-00016_6.png?v=1762739735,5,"",,,,,,,,,,,,,,,,
premium-pink-lid-and-base-box-with-gold-foil,,,,,,,,,,,,,,,,,,,,,,,,,,,,,,,,https://cdn.shopify.com/s/files/1/0727/3614/5573/files/PremiumPinkLidandBaseBoxwithGoldFoilXLBP-00016_7.png?v=1762739735,6,"",,,,,,,,,,,,,,,,
premium-pink-lid-and-base-box-with-gold-foil,,,,,,,,,,,,,,,,,,,,,,,,,,,,,,,,https://cdn.shopify.com/s/files/1/0727/3614/5573/files/PremiumPinkLidandBaseBoxwithGoldFoilXLBP-00016_5.png?v=1762739735,7,"",,,,,,,,,,,,,,,,
prestige-lotus-paper-raised-silver-logo-custom-packaging-box,Prestige Lotus Paper Raised Silver Logo Custom Packaging Box,"<p><span>This stunning compact box featuring raised silver embossing on luxurious Lotus textured paper. Measuring 155x62x22mm, this premium presentation box combines the tactile beauty of ultra-white Lotus texture with the visual drama of dimensional raised silver accents. Constructed with inspiration-grade 120g ultra-white paper and fortified with heavy-duty 1200G single black cardboard, this box delivers both aesthetic appeal and structural integrity. The raised silver embossing creates shadows and highlights that change with viewing angle, making every product presentation a captivating experience.</span></p>",洧洧녿洧놁洧놑洧누,Arts & Entertainment > Party & Celebration > Gift Giving > Gift Wrapping > Gift Boxes & Tins,Lid & Base Gift Box,"box, branded boxes, cosmetic box, cosmetic gift box, Cosmetic packaging, cosmetic packaging box, cosmetic packaging boxes, custom packaging, gift box, Gift packaging, gift packaging box, jewelry gift boxes, lid and base boxes, lid and base gift boxes, luxury gift boxes, luxury retail boxes, Packaging, packaging box, perfume box, perfume gift box, Perfume packaging, perfume packaging box, premium gift packaging",true,Title,Default Title,,,,,,,,XLBP-00015,0.0,,0,deny,manual,0.10,,true,true,,,,,XLBP-00015,https://cdn.shopify.com/s/files/1/0727/3614/5573/files/PrestigeLotusPaperRaisedSilverLogoCustomPackagingBoxXLBP-00015_1.png?v=1762486109,1,"",false,,"Premium raised silver embossed gift boxes 155x62x22mm with Lotus textured paper. Custom dimensional packaging starting at $0.10/piece, minimum 500 pieces.",,,,silver; white,paper; cardboard,,rectangular,,,lb,,,active
prestige-lotus-paper-raised-silver-logo-custom-packaging-box,,,,,,,,,,,,,,,,,,,,,,,,,,,,,,,,https://cdn.shopify.com/s/files/1/0727/3614/5573/files/PrestigeLotusPaperRaisedSilverLogoCustomPackagingBoxXLBP-00015_2.png?v=1762486109,2,"",,,,,,,,,,,,,,,,
prestige-lotus-paper-raised-silver-logo-custom-packaging-box,,,,,,,,,,,,,,,,,,,,,,,,,,,,,,,,https://cdn.shopify.com/s/files/1/0727/3614/5573/files/PrestigeLotusPaperRaisedSilverLogoCustomPackagingBoxXLBP-00015_4.png?v=1762486109,3,"",,,,,,,,,,,,,,,,
prestige-lotus-paper-raised-silver-logo-custom-packaging-box,,,,,,,,,,,,,,,,,,,,,,,,,,,,,,,,https://cdn.shopify.com/s/files/1/0727/3614/5573/files/PrestigeLotusPaperRaisedSilverLogoCustomPackagingBoxXLBP-00015_3.png?v=1762486109,4,"",,,,,,,,,,,,,,,,
prestige-lotus-paper-raised-silver-logo-custom-packaging-box,,,,,,,,,,,,,,,,,,,,,,,,,,,,,,,,https://cdn.shopify.com/s/files/1/0727/3614/5573/files/PrestigeLotusPaperRaisedSilverLogoCustomPackagingBoxXLBP-00015_6.png?v=1762486109,5,"",,,,,,,,,,,,,,,,
prestige-lotus-paper-raised-silver-logo-custom-packaging-box,,,,,,,,,,,,,,,,,,,,,,,,,,,,,,,,https://cdn.shopify.com/s/files/1/0727/3614/5573/files/PrestigeLotusPaperRaisedSilverLogoCustomPackagingBoxXLBP-00015_7.png?v=1762486109,6,"",,,,,,,,,,,,,,,,
prestige-lotus-paper-raised-silver-logo-custom-packaging-box,,,,,,,,,,,,,,,,,,,,,,,,,,,,,,,,https://cdn.shopify.com/s/files/1/0727/3614/5573/files/PrestigeLotusPaperRaisedSilverLogoCustomPackagingBoxXLBP-00015_5.png?v=1762486109,7,"",,,,,,,,,,,,,,,,
artisan-lotus-embossed-silver-logo-premium-textured-packaging,Artisan Lotus Embossed Silver Logo Premium Textured Packaging,"<p><span> this exquisite compact box featuring luxurious embossed silver detailing on premium Lotus textured paper. At 155x62x22mm, this sophisticated packaging solution showcases the finest craftsmanship with its unique combination of tactile Lotus texture and dimensional embossed silver elements. The inspiration-grade 120g ultra-white paper creates a pristine canvas, while the robust 1200G single black cardboard foundation ensures lasting durability. Perfect for luxury jewelry, premium skincare, or exclusive accessories, this box transforms every unboxing into a memorable brand experience.</span></p>",洧洧녿洧놁洧놑洧누,Arts & Entertainment > Party & Celebration > Gift Giving > Gift Wrapping > Gift Boxes & Tins,Lid & Base Gift Box,"box, branded boxes, cosmetic box, cosmetic gift box, Cosmetic packaging, cosmetic packaging box, cosmetic packaging boxes, custom packaging, gift box, Gift packaging, gift packaging box, jewelry gift boxes, lid and base boxes, lid and base gift boxes, luxury gift boxes, luxury retail boxes, Packaging, packaging box, perfume box, perfume gift box, Perfume packaging, perfume packaging box, premium gift packaging",true,Title,Default Title,,,,,,,,XLBP-00014,0.0,,0,deny,manual,0.10,,true,true,,,,,XLBP-00014,https://cdn.shopify.com/s/files/1/0727/3614/5573/files/ArtisanLotusEmbossedSilverLogoPremiumTexturedPackagingXLBP-00014_7.png?v=1762485182,1,"",false,,"Luxury embossed silver gift boxes 155x62x22mm with Lotus textured paper. Custom dimensional packaging starting at $0.10/piece, minimum 500 pieces.",,,,silver; floral,cardboard; paper,,rectangular,,,lb,,,active
artisan-lotus-embossed-silver-logo-premium-textured-packaging,,,,,,,,,,,,,,,,,,,,,,,,,,,,,,,,https://cdn.shopify.com/s/files/1/0727/3614/5573/files/ArtisanLotusEmbossedSilverLogoPremiumTexturedPackagingXLBP-00014_6.png?v=1762485181,2,"",,,,,,,,,,,,,,,,
artisan-lotus-embossed-silver-logo-premium-textured-packaging,,,,,,,,,,,,,,,,,,,,,,,,,,,,,,,,https://cdn.shopify.com/s/files/1/0727/3614/5573/files/ArtisanLotusEmbossedSilverLogoPremiumTexturedPackagingXLBP-00014_2.png?v=1762485181,3,"",,,,,,,,,,,,,,,,
artisan-lotus-embossed-silver-logo-premium-textured-packaging,,,,,,,,,,,,,,,,,,,,,,,,,,,,,,,,https://cdn.shopify.com/s/files/1/0727/3614/5573/files/ArtisanLotusEmbossedSilverLogoPremiumTexturedPackagingXLBP-00014_1.png?v=1762485181,4,"",,,,,,,,,,,,,,,,
artisan-lotus-embossed-silver-logo-premium-textured-packaging,,,,,,,,,,,,,,,,,,,,,,,,,,,,,,,,https://cdn.shopify.com/s/files/1/0727/3614/5573/files/ArtisanLotusEmbossedSilverLogoPremiumTexturedPackagingXLBP-00014_4.png?v=1762485184,5,"",,,,,,,,,,,,,,,,
artisan-lotus-embossed-silver-logo-premium-textured-packaging,,,,,,,,,,,,,,,,,,,,,,,,,,,,,,,,https://cdn.shopify.com/s/files/1/0727/3614/5573/files/ArtisanLotusEmbossedSilverLogoPremiumTexturedPackagingXLBP-00014_5.png?v=1762485182,6,"",,,,,,,,,,,,,,,,
artisan-lotus-embossed-silver-logo-premium-textured-packaging,,,,,,,,,,,,,,,,,,,,,,,,,,,,,,,,https://cdn.shopify.com/s/files/1/0727/3614/5573/files/ArtisanLotusEmbossedSilverLogoPremiumTexturedPackagingXLBP-00014_3.png?v=1762485181,7,"",,,,,,,,,,,,,,,,
essence-lotus-textured-lid-base-box-with-silver-foil-logo,Essence Lotus Textured Lid & Base Box with Silver Foil Logo,"<p><span>This beautifully crafted compact presentation box featuring premium Lotus textured paper in pristine off-white. The sophisticated 155x62x22mm dimensions make it perfect for delicate jewelry, luxury pens, or premium cosmetics. Built with inspiration-grade 120g ultra-white Lotus textured paper and reinforced with robust 1200G single black cardboard, this box combines artistic beauty with practical durability. The striking silver foil stamping creates a brilliant metallic contrast against the soft off-white backdrop, delivering an unforgettable unboxing experience for your valued customers.</span></p>",洧洧녿洧놁洧놑洧누,Arts & Entertainment > Party & Celebration > Gift Giving > Gift Wrapping > Gift Boxes & Tins,Lid & Base Gift Box,"box, branded boxes, cosmetic box, cosmetic gift box, Cosmetic packaging, cosmetic packaging box, cosmetic packaging boxes, custom packaging, gift box, Gift packaging, gift packaging box, jewelry gift boxes, lid and base boxes, lid and base gift boxes, luxury gift boxes, luxury retail boxes, Packaging, packaging box, perfume box, perfume gift box, Perfume packaging, perfume packaging box, premium gift packaging",true,Title,Default Title,,,,,,,,XLBP-00013,0.0,,0,deny,manual,0.10,,true,true,,,,,XLBP-00013,https://cdn.shopify.com/s/files/1/0727/3614/5573/files/EssenceLotusTexturedLid_BaseBoxwithSilverFoilLogoXLBP-00013_1.png?v=1762483719,1,"",false,,"Compact lid & base gift boxes 155x62x22mm with silver foil stamping. Custom boxes with Lotus textured ultra-white paper. Quality packaging starting at $0.16/piece, minimum 500 pieces.",,,,silver; black; white,cardboard; paper,,rectangular,,,lb,,,active
essence-lotus-textured-lid-base-box-with-silver-foil-logo,,,,,,,,,,,,,,,,,,,,,,,,,,,,,,,,https://cdn.shopify.com/s/files/1/0727/3614/5573/files/EssenceLotusTexturedLid_BaseBoxwithSilverFoilLogoXLBP-00013_2.png?v=1762483719,2,"",,,,,,,,,,,,,,,,
essence-lotus-textured-lid-base-box-with-silver-foil-logo,,,,,,,,,,,,,,,,,,,,,,,,,,,,,,,,https://cdn.shopify.com/s/files/1/0727/3614/5573/files/EssenceLotusTexturedLid_BaseBoxwithSilverFoilLogoXLBP-00013_4.png?v=1762483803,3,"",,,,,,,,,,,,,,,,
essence-lotus-textured-lid-base-box-with-silver-foil-logo,,,,,,,,,,,,,,,,,,,,,,,,,,,,,,,,https://cdn.shopify.com/s/files/1/0727/3614/5573/files/EssenceLotusTexturedLid_BaseBoxwithSilverFoilLogoXLBP-00013_3.png?v=1762483803,4,"",,,,,,,,,,,,,,,,
essence-lotus-textured-lid-base-box-with-silver-foil-logo,,,,,,,,,,,,,,,,,,,,,,,,,,,,,,,,https://cdn.shopify.com/s/files/1/0727/3614/5573/files/EssenceLotusTexturedLid_BaseBoxwithSilverFoilLogoXLBP-00013_6.png?v=1762483803,5,"",,,,,,,,,,,,,,,,
essence-lotus-textured-lid-base-box-with-silver-foil-logo,,,,,,,,,,,,,,,,,,,,,,,,,,,,,,,,https://cdn.shopify.com/s/files/1/0727/3614/5573/files/EssenceLotusTexturedLid_BaseBoxwithSilverFoilLogoXLBP-00013_7.png?v=1762483803,6,"",,,,,,,,,,,,,,,,
essence-lotus-textured-lid-base-box-with-silver-foil-logo,,,,,,,,,,,,,,,,,,,,,,,,,,,,,,,,https://cdn.shopify.com/s/files/1/0727/3614/5573/files/EssenceLotusTexturedLid_BaseBoxwithSilverFoilLogoXLBP-00013_5.png?v=1762483803,7,"",,,,,,,,,,,,,,,,
elite-venetian-gray-gift-box-with-crimson-gold-foil,Elite Venetian Gray Gift Box with Crimson Gold Foil Logo,"<p><span>Crafted from premium 120g Italian gray-green specialty paper and reinforced with heavy-duty 1200G black cardboard, this box delivers both beauty and strength. The eye-catching crimson gold foil stamping adds a touch of luxury that makes your products stand out. Measuring 173x88x30mm, it's ideally proportioned for high-end electronics, jewelry, cosmetics, timepieces, or premium accessories, with a robust 2.5kg weight capacity for reliable protection.</span></p>",洧洧녿洧놁洧놑洧누,Arts & Entertainment > Party & Celebration > Gift Giving > Gift Wrapping > Gift Boxes & Tins,Lid & Base Gift Box,"box, branded boxes, cosmetic box, cosmetic gift box, Cosmetic packaging, cosmetic packaging box, cosmetic packaging boxes, custom packaging, gift box, Gift packaging, gift packaging box, jewelry gift boxes, lid and base boxes, lid and base gift boxes, luxury gift boxes, luxury retail boxes, Packaging, packaging box, perfume box, perfume gift box, Perfume packaging, perfume packaging box, premium gift packaging",true,Title,Default Title,,,,,,,,XLBP-00012,0.0,,0,deny,manual,0.10,,true,true,,,,,XLBP-00012,https://cdn.shopify.com/s/files/1/0727/3614/5573/files/EliteVenetianGrayGiftBoxwithCrimsonGoldFoilXLBP-00012_1.png?v=1762481989,1,"",false,," Luxurious lid & base gift boxes 173x88x30mm with hot red gold stamping. Custom boxes with imported Italian gray-green paper. Quality packaging starting at $0.10/piece, minimum 500 pieces.",,,,red; gray; gold,cardboard; paper,,rectangular,,,lb,,,active
elite-venetian-gray-gift-box-with-crimson-gold-foil,,,,,,,,,,,,,,,,,,,,,,,,,,,,,,,,https://cdn.shopify.com/s/files/1/0727/3614/5573/files/EliteVenetianGrayGiftBoxwithCrimsonGoldFoilXLBP-00012_2.png?v=1762481990,2,"",,,,,,,,,,,,,,,,
elite-venetian-gray-gift-box-with-crimson-gold-foil,,,,,,,,,,,,,,,,,,,,,,,,,,,,,,,,https://cdn.shopify.com/s/files/1/0727/3614/5573/files/EliteVenetianGrayGiftBoxwithCrimsonGoldFoilXLBP-00012_4.png?v=1762481989,3,"",,,,,,,,,,,,,,,,
elite-venetian-gray-gift-box-with-crimson-gold-foil,,,,,,,,,,,,,,,,,,,,,,,,,,,,,,,,https://cdn.shopify.com/s/files/1/0727/3614/5573/files/EliteVenetianGrayGiftBoxwithCrimsonGoldFoilXLBP-00012_3.png?v=1762481989,4,"",,,,,,,,,,,,,,,,
elite-venetian-gray-gift-box-with-crimson-gold-foil,,,,,,,,,,,,,,,,,,,,,,,,,,,,,,,,https://cdn.shopify.com/s/files/1/0727/3614/5573/files/EliteVenetianGrayGiftBoxwithCrimsonGoldFoilXLBP-00012_6.png?v=1762481990,5,"",,,,,,,,,,,,,,,,
elite-venetian-gray-gift-box-with-crimson-gold-foil,,,,,,,,,,,,,,,,,,,,,,,,,,,,,,,,https://cdn.shopify.com/s/files/1/0727/3614/5573/files/EliteVenetianGrayGiftBoxwithCrimsonGoldFoilXLBP-00012_7.png?v=1762481990,6,"",,,,,,,,,,,,,,,,
elite-venetian-gray-gift-box-with-crimson-gold-foil,,,,,,,,,,,,,,,,,,,,,,,,,,,,,,,,https://cdn.shopify.com/s/files/1/0727/3614/5573/files/EliteVenetianGrayGiftBoxwithCrimsonGoldFoilXLBP-00012_5.png?v=1762481991,7,"",,,,,,,,,,,,,,,,
luxurious-lid-base-gift-box-with-hot-red-gold-logo-stamping,Luxurious Lid & Base Gift Box with Hot Red Gold Logo Stamping,"<p><span>This sophisticated rectangular box features imported Italian gray-green paper (120g) with stunning hot red gold stamping accents. At 173x88x30mm, it's perfectly sized for jewelry, watches, or luxury accessories. The reinforced 1200G single black cardboard construction supports up to 2.5kg while the elegant red gold foil details create an upscale presentation.</span></p>",洧洧녿洧놁洧놑洧누,Arts & Entertainment > Party & Celebration > Gift Giving > Gift Wrapping > Gift Boxes & Tins,Lid & Base Gift Box,"box, branded boxes, cosmetic box, cosmetic gift box, Cosmetic packaging, cosmetic packaging box, cosmetic packaging boxes, custom packaging, gift box, Gift packaging, gift packaging box, jewelry gift boxes, lid and base boxes, lid and base gift boxes, luxury gift boxes, luxury retail boxes, Packaging, packaging box, perfume box, perfume gift box, Perfume packaging, perfume packaging box, premium gift packaging",true,Title,Default Title,,,,,,,,XLBP-00011,0.0,,0,deny,manual,0.10,,true,true,,,,,XLBP-00011,https://cdn.shopify.com/s/files/1/0727/3614/5573/files/LuxuriousLid_BaseGiftBoxwithHotRedGoldLogoStampingXLBP-00011_1.png?v=1762399797,1,"",false,,"Luxurious lid & base gift boxes 173x88x30mm with hot red gold stamping. Custom boxes with imported Italian gray-green paper. Quality packaging starting at $0.18/piece, minimum 500 pieces.",,,,gold; gray,cardboard; paper,,rectangular,,,lb,,,active
luxurious-lid-base-gift-box-with-hot-red-gold-logo-stamping,,,,,,,,,,,,,,,,,,,,,,,,,,,,,,,,https://cdn.shopify.com/s/files/1/0727/3614/5573/files/LuxuriousLid_BaseGiftBoxwithHotRedGoldLogoStampingXLBP-00011_2.png?v=1762399797,2,"",,,,,,,,,,,,,,,,
luxurious-lid-base-gift-box-with-hot-red-gold-logo-stamping,,,,,,,,,,,,,,,,,,,,,,,,,,,,,,,,https://cdn.shopify.com/s/files/1/0727/3614/5573/files/LuxuriousLid_BaseGiftBoxwithHotRedGoldLogoStampingXLBP-00011_4.png?v=1762399797,3,"",,,,,,,,,,,,,,,,
luxurious-lid-base-gift-box-with-hot-red-gold-logo-stamping,,,,,,,,,,,,,,,,,,,,,,,,,,,,,,,,https://cdn.shopify.com/s/files/1/0727/3614/5573/files/03_715d6255-604b-4b7a-b472-f9a99b659908.png?v=1762421813,4,"",,,,,,,,,,,,,,,,
luxurious-lid-base-gift-box-with-hot-red-gold-logo-stamping,,,,,,,,,,,,,,,,,,,,,,,,,,,,,,,,https://cdn.shopify.com/s/files/1/0727/3614/5573/files/LuxuriousLid_BaseGiftBoxwithHotRedGoldLogoStampingXLBP-00011_6.png?v=1762421813,5,"",,,,,,,,,,,,,,,,
luxurious-lid-base-gift-box-with-hot-red-gold-logo-stamping,,,,,,,,,,,,,,,,,,,,,,,,,,,,,,,,https://cdn.shopify.com/s/files/1/0727/3614/5573/files/07.png?v=1762421813,6,"",,,,,,,,,,,,,,,,
luxurious-lid-base-gift-box-with-hot-red-gold-logo-stamping,,,,,,,,,,,,,,,,,,,,,,,,,,,,,,,,https://cdn.shopify.com/s/files/1/0727/3614/5573/files/LuxuriousLid_BaseGiftBoxwithHotRedGoldLogoStampingXLBP-00011_5.png?v=1762421813,7,"",,,,,,,,,,,,,,,,
luxurious-italian-gray-paper-logo-debossed-lid-base-custom-packaging,Luxurious Italian Gray Paper Logo Debossed Lid & Base Custom Packaging,"<p><span>This sleek rectangular box features imported Italian gray-green paper with debossed detailing for a refined tactile finish. At 173x88x30mm, it's sized right for watch boxes, small electronics, or stationery sets. The reinforced construction supports up to 2.5kg while the minimalist design keeps focus on your product.</span></p>",洧洧녿洧놁洧놑洧누,Arts & Entertainment > Party & Celebration > Gift Giving > Gift Wrapping > Gift Boxes & Tins,Lid & Base Gift Box,"box, branded boxes, cosmetic box, cosmetic gift box, Cosmetic packaging, cosmetic packaging box, cosmetic packaging boxes, custom packaging, gift box, Gift packaging, gift packaging box, jewelry gift boxes, lid and base boxes, lid and base gift boxes, luxury gift boxes, luxury retail boxes, Packaging, packaging box, perfume box, perfume gift box, Perfume packaging, perfume packaging box, premium gift packaging",true,Title,Default Title,,,,,,,,XLBP-00010,0.0,,0,deny,manual,0.10,,true,true,,,,,XLBP-00010,https://cdn.shopify.com/s/files/1/0727/3614/5573/files/LuxuriousItalianGrayPaperLogoDebossedLid_BaseCustomPackagingXLBP-00010_1.png?v=1762398577,1,"",false,,"Luxurious Italian Gray Paper Logo Debossed Lid & Base Custom Packaging 173x88x30mm. Custom boxes with imported Italian gray-green paper. Quality packaging starting at $0.10/piece, minimum 500 pieces.",,,,green; gray,paper,,rectangular,,,lb,,,active
luxurious-italian-gray-paper-logo-debossed-lid-base-custom-packaging,,,,,,,,,,,,,,,,,,,,,,,,,,,,,,,,https://cdn.shopify.com/s/files/1/0727/3614/5573/files/LuxuriousItalianGrayPaperLogoDebossedLid_BaseCustomPackagingXLBP-00010_2.png?v=1762398579,2,"",,,,,,,,,,,,,,,,
luxurious-italian-gray-paper-logo-debossed-lid-base-custom-packaging,,,,,,,,,,,,,,,,,,,,,,,,,,,,,,,,https://cdn.shopify.com/s/files/1/0727/3614/5573/files/LuxuriousItalianGrayPaperLogoDebossedLid_BaseCustomPackagingXLBP-00010_4.png?v=1762398578,3,"",,,,,,,,,,,,,,,,
luxurious-italian-gray-paper-logo-debossed-lid-base-custom-packaging,,,,,,,,,,,,,,,,,,,,,,,,,,,,,,,,https://cdn.shopify.com/s/files/1/0727/3614/5573/files/LuxuriousItalianGrayPaperLogoDebossedLid_BaseCustomPackagingXLBP-00010_3.png?v=1762398577,4,"",,,,,,,,,,,,,,,,
luxurious-italian-gray-paper-logo-debossed-lid-base-custom-packaging,,,,,,,,,,,,,,,,,,,,,,,,,,,,,,,,https://cdn.shopify.com/s/files/1/0727/3614/5573/files/Luxurious_Italian_Gray_Paper_Logo_Debossed_Lid_Base_Custom_Packaging_XLBP-00010_6.png?v=1762398905,5,"",,,,,,,,,,,,,,,,
luxurious-italian-gray-paper-logo-debossed-lid-base-custom-packaging,,,,,,,,,,,,,,,,,,,,,,,,,,,,,,,,https://cdn.shopify.com/s/files/1/0727/3614/5573/files/LuxuriousItalianGrayPaperLogoDebossedLid_BaseCustomPackagingXLBP-00010_7.png?v=1762398578,6,"",,,,,,,,,,,,,,,,
luxurious-italian-gray-paper-logo-debossed-lid-base-custom-packaging,,,,,,,,,,,,,,,,,,,,,,,,,,,,,,,,https://cdn.shopify.com/s/files/1/0727/3614/5573/files/LuxuriousItalianGrayPaperLogoDebossedLid_BaseCustomPackagingXLBP-00010_5.png?v=1762398577,7,"",,,,,,,,,,,,,,,,
premiumgold-foil-logo-embossed-lid-base-custom-packaging,PremiumGold Foil Logo Embossed Lid & Base Custom Packaging,"<p><span>A compact yet sturdy gift box featuring embossed gold foil detailing on light green lotus-textured paper. The 173x88x30mm size works well for small jewelry pieces, luxury skincare samples, or tech accessories. Built with reinforced cardboard backing to handle items up to 2.5kg while maintaining its clean appearance.</span></p>",洧洧녿洧놁洧놑洧누,Arts & Entertainment > Party & Celebration > Gift Giving > Gift Wrapping > Gift Boxes & Tins,Lid & Base Gift Box,"box, branded boxes, cosmetic box, cosmetic gift box, Cosmetic packaging, cosmetic packaging box, cosmetic packaging boxes, custom packaging, gift box, Gift packaging, gift packaging box, jewelry gift boxes, lid and base boxes, lid and base gift boxes, luxury gift boxes, luxury retail boxes, Packaging, packaging box, perfume box, perfume gift box, Perfume packaging, perfume packaging box, premium gift packaging",true,Title,Default Title,,,,,,,,XLBP-00009,0.0,,0,deny,manual,0.00,,true,true,,,,,XLBP-00009,https://cdn.shopify.com/s/files/1/0727/3614/5573/files/PremiumGoldFoilLogoEmbossedLid_BaseCustomPackaging_1.png?v=1762396829,1,"",false,,"PremiumGold Foil Logo Embossed Lid & Base Custom Packaging 173x88x30mm. Custom boxes with lotus textured paper in light green. Professional packaging starting at $0.10/piece, minimum 500 pieces.",,,,gold; green,cardboard,,rectangular,,,lb,,,active
premiumgold-foil-logo-embossed-lid-base-custom-packaging,,,,,,,,,,,,,,,,,,,,,,,,,,,,,,,,https://cdn.shopify.com/s/files/1/0727/3614/5573/files/PremiumGoldFoilLogoEmbossedLid_BaseCustomPackaging_2.png?v=1762396829,2,"",,,,,,,,,,,,,,,,
premiumgold-foil-logo-embossed-lid-base-custom-packaging,,,,,,,,,,,,,,,,,,,,,,,,,,,,,,,,https://cdn.shopify.com/s/files/1/0727/3614/5573/files/PremiumGoldFoilLogoEmbossedLid_BaseCustomPackaging_4.png?v=1762396829,3,"",,,,,,,,,,,,,,,,
premiumgold-foil-logo-embossed-lid-base-custom-packaging,,,,,,,,,,,,,,,,,,,,,,,,,,,,,,,,https://cdn.shopify.com/s/files/1/0727/3614/5573/files/PremiumGoldFoilLogoEmbossedLid_BaseCustomPackaging_3.png?v=1762396829,4,"",,,,,,,,,,,,,,,,
premiumgold-foil-logo-embossed-lid-base-custom-packaging,,,,,,,,,,,,,,,,,,,,,,,,,,,,,,,,https://cdn.shopify.com/s/files/1/0727/3614/5573/files/PremiumGoldFoilLogoEmbossedLid_BaseCustomPackaging_6.png?v=1762396830,5,"",,,,,,,,,,,,,,,,
premiumgold-foil-logo-embossed-lid-base-custom-packaging,,,,,,,,,,,,,,,,,,,,,,,,,,,,,,,,https://cdn.shopify.com/s/files/1/0727/3614/5573/files/PremiumGoldFoilLogoEmbossedLid_BaseCustomPackaging_7.png?v=1762396830,6,"",,,,,,,,,,,,,,,,
premiumgold-foil-logo-embossed-lid-base-custom-packaging,,,,,,,,,,,,,,,,,,,,,,,,,,,,,,,,https://cdn.shopify.com/s/files/1/0727/3614/5573/files/PremiumGoldFoilLogoEmbossedLid_BaseCustomPackaging_5.png?v=1762396829,7,"",,,,,,,,,,,,,,,,
premium-lotus-textured-paper-gold-foil-logo-embossed-lid-base-gift-box,Premium Lotus Textured Paper Gold Foil Logo Embossed Lid & Base Gift Box,"<p><span>This lid and base gift box combines elegant design with superior craftsmanship using finest materials. Measuring 173x88x30mm, it's perfectly suited for premium jewelry collections, luxury cosmetic products, or exclusive accessories. An outstanding packaging choice for discerning brands seeking uncompromising quality and refined presentation.</span></p>",洧洧녿洧놁洧놑洧누,Arts & Entertainment > Party & Celebration > Gift Giving > Gift Wrapping > Gift Boxes & Tins,Lid & Base Gift Box,"box, branded boxes, cosmetic box, cosmetic gift box, Cosmetic packaging, cosmetic packaging box, cosmetic packaging boxes, custom packaging, gift box, Gift packaging, gift packaging box, jewelry gift boxes, lid and base boxes, lid and base gift boxes, luxury gift boxes, luxury retail boxes, Packaging, packaging box, perfume box, perfume gift box, Perfume packaging, perfume packaging box, premium gift packaging",true,Title,Default Title,,,,,,,,XLBP-00008,0.0,,0,deny,manual,0.01,,true,true,,,,,XLBP-00008,https://cdn.shopify.com/s/files/1/0727/3614/5573/files/PremiumLotusTexturedPaperGoldFoilLogoEmbossedLid_BaseGiftBoxXLBP-00008_1.png?v=1762395470,1,"",false,,"Premium Lotus Textured Paper Gold Foil Logo Embossed Lid & Base Gift Boxes 173x88x30mm. Custom boxes with lotus textured paper in light green. Professional packaging starting at $0.10/piece, minimum 500 pieces.",,,,gold; white; black,paper; cardboard,,rectangular,,,lb,,,active
premium-lotus-textured-paper-gold-foil-logo-embossed-lid-base-gift-box,,,,,,,,,,,,,,,,,,,,,,,,,,,,,,,,https://cdn.shopify.com/s/files/1/0727/3614/5573/files/PremiumLotusTexturedPaperGoldFoilLogoEmbossedLid_BaseGiftBoxXLBP-00008_2.png?v=1762395471,2,"",,,,,,,,,,,,,,,,
premium-lotus-textured-paper-gold-foil-logo-embossed-lid-base-gift-box,,,,,,,,,,,,,,,,,,,,,,,,,,,,,,,,https://cdn.shopify.com/s/files/1/0727/3614/5573/files/PremiumLotusTexturedPaperGoldFoilLogoEmbossedLid_BaseGiftBoxXLBP-00008_4.png?v=1762395470,3,"",,,,,,,,,,,,,,,,
premium-lotus-textured-paper-gold-foil-logo-embossed-lid-base-gift-box,,,,,,,,,,,,,,,,,,,,,,,,,,,,,,,,https://cdn.shopify.com/s/files/1/0727/3614/5573/files/PremiumLotusTexturedPaperGoldFoilLogoEmbossedLid_BaseGiftBoxXLBP-00008_3.png?v=1762395470,4,"",,,,,,,,,,,,,,,,
premium-lotus-textured-paper-gold-foil-logo-embossed-lid-base-gift-box,,,,,,,,,,,,,,,,,,,,,,,,,,,,,,,,https://cdn.shopify.com/s/files/1/0727/3614/5573/files/PremiumLotusTexturedPaperGoldFoilLogoEmbossedLid_BaseGiftBoxXLBP-00008_6.png?v=1762395471,5,"",,,,,,,,,,,,,,,,
premium-lotus-textured-paper-gold-foil-logo-embossed-lid-base-gift-box,,,,,,,,,,,,,,,,,,,,,,,,,,,,,,,,https://cdn.shopify.com/s/files/1/0727/3614/5573/files/PremiumLotusTexturedPaperGoldFoilLogoEmbossedLid_BaseGiftBoxXLBP-00008_7.png?v=1762395471,6,"",,,,,,,,,,,,,,,,
premium-lotus-textured-paper-gold-foil-logo-embossed-lid-base-gift-box,,,,,,,,,,,,,,,,,,,,,,,,,,,,,,,,https://cdn.shopify.com/s/files/1/0727/3614/5573/files/PremiumLotusTexturedPaperGoldFoilLogoEmbossedLid_BaseGiftBoxXLBP-00008_5.png?v=1762395470,7,"",,,,,,,,,,,,,,,,
premium-pure-lotus-textured-paper-lid-base-gift-box,Premium Pure lotus textured paper Lid & Base Gift Box,"<p><span>This sophisticated lid and base gift box showcases premium construction with high-quality materials. At 173x88x30mm dimensions, it's ideal for luxury jewelry, high-end cosmetics, or premium accessories. The perfect packaging solution for brands demanding exceptional presentation and durability.</span></p>",洧洧녿洧놁洧놑洧누,Arts & Entertainment > Party & Celebration > Gift Giving > Gift Wrapping > Gift Boxes & Tins,Lid & Base Gift Box,"box, branded boxes, cosmetic box, cosmetic gift box, Cosmetic packaging, cosmetic packaging box, cosmetic packaging boxes, custom packaging, gift box, Gift packaging, gift packaging box, jewelry gift boxes, lid and base boxes, lid and base gift boxes, luxury gift boxes, luxury retail boxes, Packaging, packaging box, perfume box, perfume gift box, Perfume packaging, perfume packaging box, premium gift packaging",true,Title,Default Title,,,,,,,,XLBP-00007,0.0,,0,deny,manual,0.10,,true,true,,,,,XLBP-00007,https://cdn.shopify.com/s/files/1/0727/3614/5573/files/PremiumPurelotustexturedpaperLid_BaseGiftBoxXLBP-00007_1.png?v=1762394806,1,"",false,,"Premium Pure lotus textured paper Lid & Base Gift Box 173x88x30mm. Custom boxes with lotus textured paper in light green. Professional packaging starting at $0.12/piece, minimum 500 pieces.",,,,pink; white; beige; floral,paper,,rectangular,,,lb,,,active
premium-pure-lotus-textured-paper-lid-base-gift-box,,,,,,,,,,,,,,,,,,,,,,,,,,,,,,,,https://cdn.shopify.com/s/files/1/0727/3614/5573/files/PremiumPurelotustexturedpaperLid_BaseGiftBoxXLBP-00007_2.png?v=1762394806,2,"",,,,,,,,,,,,,,,,
premium-pure-lotus-textured-paper-lid-base-gift-box,,,,,,,,,,,,,,,,,,,,,,,,,,,,,,,,https://cdn.shopify.com/s/files/1/0727/3614/5573/files/PremiumPurelotustexturedpaperLid_BaseGiftBoxXLBP-00007_4.png?v=1762394806,3,"",,,,,,,,,,,,,,,,
premium-pure-lotus-textured-paper-lid-base-gift-box,,,,,,,,,,,,,,,,,,,,,,,,,,,,,,,,https://cdn.shopify.com/s/files/1/0727/3614/5573/files/PremiumPurelotustexturedpaperLid_BaseGiftBoxXLBP-00007_3.png?v=1762394806,4,"",,,,,,,,,,,,,,,,
premium-pure-lotus-textured-paper-lid-base-gift-box,,,,,,,,,,,,,,,,,,,,,,,,,,,,,,,,https://cdn.shopify.com/s/files/1/0727/3614/5573/files/PremiumPurelotustexturedpaperLid_BaseGiftBoxXLBP-00007_6.png?v=1762394807,5,"",,,,,,,,,,,,,,,,
premium-pure-lotus-textured-paper-lid-base-gift-box,,,,,,,,,,,,,,,,,,,,,,,,,,,,,,,,https://cdn.shopify.com/s/files/1/0727/3614/5573/files/PremiumPurelotustexturedpaperLid_BaseGiftBoxXLBP-00007_7.png?v=1762394807,6,"",,,,,,,,,,,,,,,,
premium-pure-lotus-textured-paper-lid-base-gift-box,,,,,,,,,,,,,,,,,,,,,,,,,,,,,,,,https://cdn.shopify.com/s/files/1/0727/3614/5573/files/PremiumPurelotustexturedpaperLid_BaseGiftBoxXLBP-00007_5.png?v=1762394806,7,"",,,,,,,,,,,,,,,,
premium-platinum-foil-lid-base-gift-box-custom-packaging,Premium Platinum Foil Lid & Base Gift Box Custom Packaging,"<p><span>This elegant lid and base gift box features sophisticated construction with premium materials. Measuring 173x88x30mm, it's perfect for jewelry, electronics, cosmetics, or luxury accessories. Professional packaging solution for brands seeking premium presentation.</span></p>",洧洧녿洧놁洧놑洧누,Arts & Entertainment > Party & Celebration > Gift Giving > Gift Wrapping > Gift Boxes & Tins,Lid & Base Gift Box,"box, branded boxes, cosmetic box, cosmetic gift box, Cosmetic packaging, cosmetic packaging box, cosmetic packaging boxes, custom packaging, gift box, Gift packaging, gift packaging box, jewelry gift boxes, lid and base boxes, lid and base gift boxes, luxury gift boxes, luxury retail boxes, Packaging, packaging box, perfume box, perfume gift box, Perfume packaging, perfume packaging box, premium gift packaging",true,Title,Default Title,,,,,,,,XLBP-00006,0.0,,0,deny,manual,0.10,,true,true,,,,,XLBP-00006,https://cdn.shopify.com/s/files/1/0727/3614/5573/files/PremiumPlatinumFoilLid_BaseGiftBoxCustomPackagingXLBP-00006_1.png?v=1762325173,1,"",false,,"remium platinum foil lid & base gift boxes 173x88x30mm. Custom boxes with lotus textured paper. Professional packaging starting at $0.10/piece, minimum 500 pieces.",,,,silver; white,metal; plastic,,rectangular,,,lb,,,active
premium-platinum-foil-lid-base-gift-box-custom-packaging,,,,,,,,,,,,,,,,,,,,,,,,,,,,,,,,https://cdn.shopify.com/s/files/1/0727/3614/5573/files/PremiumPlatinumFoilLid_BaseGiftBoxCustomPackagingXLBP-00006_2.png?v=1762325173,2,"",,,,,,,,,,,,,,,,
premium-platinum-foil-lid-base-gift-box-custom-packaging,,,,,,,,,,,,,,,,,,,,,,,,,,,,,,,,https://cdn.shopify.com/s/files/1/0727/3614/5573/files/PremiumPlatinumFoilLid_BaseGiftBoxCustomPackagingXLBP-00006_4.png?v=1762325176,3,"",,,,,,,,,,,,,,,,
premium-platinum-foil-lid-base-gift-box-custom-packaging,,,,,,,,,,,,,,,,,,,,,,,,,,,,,,,,https://cdn.shopify.com/s/files/1/0727/3614/5573/files/PremiumPlatinumFoilLid_BaseGiftBoxCustomPackagingXLBP-00006_3.png?v=1762325173,4,"",,,,,,,,,,,,,,,,
premium-platinum-foil-lid-base-gift-box-custom-packaging,,,,,,,,,,,,,,,,,,,,,,,,,,,,,,,,https://cdn.shopify.com/s/files/1/0727/3614/5573/files/PremiumPlatinumFoilLid_BaseGiftBoxCustomPackagingXLBP-00006_6.png?v=1762325174,5,"",,,,,,,,,,,,,,,,
premium-platinum-foil-lid-base-gift-box-custom-packaging,,,,,,,,,,,,,,,,,,,,,,,,,,,,,,,,https://cdn.shopify.com/s/files/1/0727/3614/5573/files/PremiumPlatinumFoilLid_BaseGiftBoxCustomPackagingXLBP-00006_7.png?v=1762325175,6,"",,,,,,,,,,,,,,,,
premium-platinum-foil-lid-base-gift-box-custom-packaging,,,,,,,,,,,,,,,,,,,,,,,,,,,,,,,,https://cdn.shopify.com/s/files/1/0727/3614/5573/files/PremiumPlatinumFoilLid_BaseGiftBoxCustomPackagingXLBP-00006_5.png?v=1762325174,7,"",,,,,,,,,,,,,,,,
premium-silver-foil-lid-base-gift-box,Premium Silver Foil Lid & Base Gift Box,"<p><span>This elegant lid and base gift box features sophisticated construction with premium materials. Measuring 173x88x30mm, it's perfect for jewelry, cosmetics, or luxury accessories. Professional packaging solution for brands seeking premium presentation.</span></p>",洧洧녿洧놁洧놑洧누,Arts & Entertainment > Party & Celebration > Gift Giving > Gift Wrapping > Gift Boxes & Tins,Lid & Base Gift Box,"box, branded boxes, cosmetic box, cosmetic gift box, Cosmetic packaging, cosmetic packaging box, cosmetic packaging boxes, custom packaging, gift box, Gift packaging, gift packaging box, jewelry gift boxes, lid and base boxes, lid and base gift boxes, luxury gift boxes, luxury retail boxes, Packaging, packaging box, perfume box, perfume gift box, Perfume packaging, perfume packaging box, premium gift packaging",true,Title,Default Title,,,,,,,,XLBP-00005,0.0,,0,deny,manual,0.10,,true,true,,,,,XLBP-00005,https://cdn.shopify.com/s/files/1/0727/3614/5573/files/PremiumSilverFoilLid_BaseGiftBoxXLBP-00005_1_9cb4bd8e-a426-4db9-b546-b9fce1ea6761.png?v=1762324657,1,"",false,,"Premium silver foil lid & base gift boxes 173x88x30mm. Custom boxes with lotus textured paper. Professional packaging starting at $6.60/piece, minimum 500 pieces.",,,,white; silver,cardboard; plastic,,rectangular,,,lb,,,active
premium-silver-foil-lid-base-gift-box,,,,,,,,,,,,,,,,,,,,,,,,,,,,,,,,https://cdn.shopify.com/s/files/1/0727/3614/5573/files/PremiumSilverFoilLid_BaseGiftBoxXLBP-00005_2_1dd14684-3e89-419a-8fd8-b00c32192b99.png?v=1762324657,2,"",,,,,,,,,,,,,,,,
premium-silver-foil-lid-base-gift-box,,,,,,,,,,,,,,,,,,,,,,,,,,,,,,,,https://cdn.shopify.com/s/files/1/0727/3614/5573/files/PremiumSilverFoilLid_BaseGiftBoxXLBP-00005_4_80803841-7371-4662-9a82-685b67726ade.png?v=1762324866,3,"",,,,,,,,,,,,,,,,
premium-silver-foil-lid-base-gift-box,,,,,,,,,,,,,,,,,,,,,,,,,,,,,,,,https://cdn.shopify.com/s/files/1/0727/3614/5573/files/PremiumSilverFoilLid_BaseGiftBoxXLBP-00005_3_964ac5b8-1e57-4edc-b0bd-2eead1033b85.png?v=1762324866,4,"",,,,,,,,,,,,,,,,
premium-silver-foil-lid-base-gift-box,,,,,,,,,,,,,,,,,,,,,,,,,,,,,,,,https://cdn.shopify.com/s/files/1/0727/3614/5573/files/PremiumSilverFoilLid_BaseGiftBoxXLBP-00005_6_8ec248c2-424a-4ac0-a1ae-2e649163c2ca.png?v=1762324866,5,"",,,,,,,,,,,,,,,,
premium-silver-foil-lid-base-gift-box,,,,,,,,,,,,,,,,,,,,,,,,,,,,,,,,https://cdn.shopify.com/s/files/1/0727/3614/5573/files/PremiumSilverFoilLid_BaseGiftBoxXLBP-00005_7_9ddf0bb3-8667-4876-b059-b56c490aeb7e.png?v=1762324866,6,"",,,,,,,,,,,,,,,,
premium-silver-foil-lid-base-gift-box,,,,,,,,,,,,,,,,,,,,,,,,,,,,,,,,https://cdn.shopify.com/s/files/1/0727/3614/5573/files/PremiumSilverFoilLid_BaseGiftBoxXLBP-00005_5_20ce49ee-9606-4444-99a1-90aec32de062.png?v=1762324866,7,"",,,,,,,,,,,,,,,,
premium-platinum-foil-lid-base-gift-box,Premium Platinum Foil Lid & Base Gift Box,"<p><span>This lid and base gift box comes with platinum foil details and measures 173x88x30mm. Works well for jewelry, cosmetics, or small accessories. The box uses quality materials and gives your products a professional look.</span></p>",洧洧녿洧놁洧놑洧누,Arts & Entertainment > Party & Celebration > Gift Giving > Gift Wrapping > Gift Boxes & Tins,Lid & Base Gift Box,"box, branded boxes, cosmetic box, cosmetic gift box, Cosmetic packaging, cosmetic packaging box, cosmetic packaging boxes, custom packaging, gift box, Gift packaging, gift packaging box, jewelry gift boxes, lid and base boxes, lid and base gift boxes, luxury gift boxes, luxury retail boxes, Packaging, packaging box, perfume box, perfume gift box, Perfume packaging, perfume packaging box, premium gift packaging",true,Title,Default Title,,,,,,,,XLBP-00004,0.0,,0,deny,manual,0.10,,true,true,,,,,XLBP-00004,https://cdn.shopify.com/s/files/1/0727/3614/5573/files/PremiumPlatinumFoilLid_BaseGiftBoxXLBP-00004_1.png?v=1762323626,1,"",false,,"Premium platinum foil lid & base gift boxes 173x88x30mm. Custom Lid and Base boxes with lotus textured paper. Professional packaging starting at $0.12/piece, minimum 500 pieces.",,,,white; silver,cardboard,,rectangular,,,lb,,,active
premium-platinum-foil-lid-base-gift-box,,,,,,,,,,,,,,,,,,,,,,,,,,,,,,,,https://cdn.shopify.com/s/files/1/0727/3614/5573/files/PremiumPlatinumFoilLid_BaseGiftBoxXLBP-00004_2.png?v=1762323626,2,"",,,,,,,,,,,,,,,,
premium-platinum-foil-lid-base-gift-box,,,,,,,,,,,,,,,,,,,,,,,,,,,,,,,,https://cdn.shopify.com/s/files/1/0727/3614/5573/files/PremiumPlatinumFoilLid_BaseGiftBoxXLBP-00004_4.png?v=1762323626,3,"",,,,,,,,,,,,,,,,
premium-platinum-foil-lid-base-gift-box,,,,,,,,,,,,,,,,,,,,,,,,,,,,,,,,https://cdn.shopify.com/s/files/1/0727/3614/5573/files/PremiumPlatinumFoilLid_BaseGiftBoxXLBP-00004_3.png?v=1762323626,4,"",,,,,,,,,,,,,,,,
premium-platinum-foil-lid-base-gift-box,,,,,,,,,,,,,,,,,,,,,,,,,,,,,,,,https://cdn.shopify.com/s/files/1/0727/3614/5573/files/PremiumPlatinumFoilLid_BaseGiftBoxXLBP-00004_6.png?v=1762323626,5,"",,,,,,,,,,,,,,,,
premium-platinum-foil-lid-base-gift-box,,,,,,,,,,,,,,,,,,,,,,,,,,,,,,,,https://cdn.shopify.com/s/files/1/0727/3614/5573/files/PremiumPlatinumFoilLid_BaseGiftBoxXLBP-00004_7.png?v=1762323626,6,"",,,,,,,,,,,,,,,,
premium-platinum-foil-lid-base-gift-box,,,,,,,,,,,,,,,,,,,,,,,,,,,,,,,,https://cdn.shopify.com/s/files/1/0727/3614/5573/files/PremiumPlatinumFoilLid_BaseGiftBoxXLBP-00004_5.png?v=1762323626,7,"",,,,,,,,,,,,,,,,
premium-rose-gold-foil-lid-base-gift-box-custom-packaging,Premium Rose Gold Foil Lid & Base Gift Box Custom Packaging,"<p><span>This elegant lid and base gift box features sophisticated heaven earth construction with premium materials. Measuring 173x88x30mm, it's perfect for jewelry, cosmetics, or luxury accessories. Professional packaging solution for brands seeking premium presentation.</span></p>",洧洧녿洧놁洧놑洧누,Arts & Entertainment > Party & Celebration > Gift Giving > Gift Wrapping > Gift Boxes & Tins,Lid & Base Gift Box,"box, branded boxes, cosmetic box, cosmetic gift box, Cosmetic packaging, cosmetic packaging box, cosmetic packaging boxes, custom packaging, gift box, Gift packaging, gift packaging box, jewelry gift boxes, lid and base boxes, lid and base gift boxes, luxury gift boxes, luxury retail boxes, Packaging, packaging box, perfume box, perfume gift box, Perfume packaging, perfume packaging box, premium gift packaging, rose gold foil boxes",true,Title,Default Title,,,,,,,,XLBP-00003,0.0,,0,deny,manual,0.10,,true,true,,,,,XLBP-00003,https://cdn.shopify.com/s/files/1/0727/3614/5573/files/PremiumRoseGoldFoilLid_BaseGiftBoxCustomPackagingXLBP-00003_1.png?v=1762321918,1,"",false,,"Premium rose gold foil lid & base gift boxes 173x88x30mm. Custom heaven earth boxes with lotus textured paper. Professional packaging starting at $0.12/piece, minimum 500 pieces.",,,,white; rose-gold,cardboard; paper,,rectangular,,,lb,,,active
premium-rose-gold-foil-lid-base-gift-box-custom-packaging,,,,,,,,,,,,,,,,,,,,,,,,,,,,,,,,https://cdn.shopify.com/s/files/1/0727/3614/5573/files/PremiumRoseGoldFoilLid_BaseGiftBoxCustomPackagingXLBP-00003_2.png?v=1762321918,2,"",,,,,,,,,,,,,,,,
premium-rose-gold-foil-lid-base-gift-box-custom-packaging,,,,,,,,,,,,,,,,,,,,,,,,,,,,,,,,https://cdn.shopify.com/s/files/1/0727/3614/5573/files/PremiumRoseGoldFoilLid_BaseGiftBoxCustomPackagingXLBP-00003_4.png?v=1762322172,3,"",,,,,,,,,,,,,,,,
premium-rose-gold-foil-lid-base-gift-box-custom-packaging,,,,,,,,,,,,,,,,,,,,,,,,,,,,,,,,https://cdn.shopify.com/s/files/1/0727/3614/5573/files/PremiumRoseGoldFoilLid_BaseGiftBoxCustomPackagingXLBP-00003_3.png?v=1762322172,4,"",,,,,,,,,,,,,,,,
premium-rose-gold-foil-lid-base-gift-box-custom-packaging,,,,,,,,,,,,,,,,,,,,,,,,,,,,,,,,https://cdn.shopify.com/s/files/1/0727/3614/5573/files/PremiumRoseGoldFoilLid_BaseGiftBoxCustomPackagingXLBP-00003_6.png?v=1762322172,5,"",,,,,,,,,,,,,,,,
premium-rose-gold-foil-lid-base-gift-box-custom-packaging,,,,,,,,,,,,,,,,,,,,,,,,,,,,,,,,https://cdn.shopify.com/s/files/1/0727/3614/5573/files/PremiumRoseGoldFoilLid_BaseGiftBoxCustomPackagingXLBP-00003_7.png?v=1762322172,6,"",,,,,,,,,,,,,,,,
premium-rose-gold-foil-lid-base-gift-box-custom-packaging,,,,,,,,,,,,,,,,,,,,,,,,,,,,,,,,https://cdn.shopify.com/s/files/1/0727/3614/5573/files/PremiumRoseGoldFoilLid_BaseGiftBoxCustomPackagingXLBP-00003_5.png?v=1762322172,7,"",,,,,,,,,,,,,,,,
premium-rose-gold-foil-luxury-lid-base-gift-box-1,Premium Rose Gold Foil Luxury Lid & Base Gift Box,"<p><span>This elegant lid and base gift box combines sophisticated design with premium materials. Measuring 173x88x30mm, it's perfect for jewelry, cosmetics, or luxury accessories. Professional packaging solution for brands demanding excellence.</span></p>",洧洧녿洧놁洧놑洧누,Arts & Entertainment > Party & Celebration > Gift Giving > Gift Wrapping > Gift Boxes & Tins,Lid & Base Gift Box,"box, branded boxes, Cosmetic packaging, cosmetic packaging boxes, custom packaging, gift box, Gift packaging, gift packaging box, jewelry gift boxes, lid and base boxes, luxury gift boxes, luxury retail boxes, Packaging, packaging box, Perfume packaging, premium gift packaging, rose gold foil boxes",true,Title,Default Title,,,,,,,,XLBP-00002,0.0,,0,deny,manual,0.10,,true,true,,,,,XLBP-00002,https://cdn.shopify.com/s/files/1/0727/3614/5573/files/PremiumRoseGoldFoilLuxuryLid_BaseGiftBoxXLBP-00002_6.png?v=1762316990,1,"",false,,"Premium rose gold foil luxury gift boxes 173x88x30mm. Custom lid and base boxes with FSC certification. Professional packaging starting at $0.12/piece, minimum 500 pieces.",,,,,,,,,,lb,,,active
premium-rose-gold-foil-luxury-lid-base-gift-box-1,,,,,,,,,,,,,,,,,,,,,,,,,,,,,,,,https://cdn.shopify.com/s/files/1/0727/3614/5573/files/PremiumRoseGoldFoilLuxuryLid_BaseGiftBoxXLBP-00002_7.png?v=1762316990,2,"",,,,,,,,,,,,,,,,
premium-rose-gold-foil-luxury-lid-base-gift-box-1,,,,,,,,,,,,,,,,,,,,,,,,,,,,,,,,https://cdn.shopify.com/s/files/1/0727/3614/5573/files/PremiumRoseGoldFoilLuxuryLid_BaseGiftBoxXLBP-00002_2.png?v=1762321151,3,"",,,,,,,,,,,,,,,,
premium-rose-gold-foil-luxury-lid-base-gift-box-1,,,,,,,,,,,,,,,,,,,,,,,,,,,,,,,,https://cdn.shopify.com/s/files/1/0727/3614/5573/files/PremiumRoseGoldFoilLuxuryLid_BaseGiftBoxXLBP-00002_1.png?v=1762321151,4,"",,,,,,,,,,,,,,,,
premium-rose-gold-foil-luxury-lid-base-gift-box-1,,,,,,,,,,,,,,,,,,,,,,,,,,,,,,,,https://cdn.shopify.com/s/files/1/0727/3614/5573/files/PremiumRoseGoldFoilLuxuryLid_BaseGiftBoxXLBP-00002_4.png?v=1762316990,5,"",,,,,,,,,,,,,,,,
premium-rose-gold-foil-luxury-lid-base-gift-box-1,,,,,,,,,,,,,,,,,,,,,,,,,,,,,,,,https://cdn.shopify.com/s/files/1/0727/3614/5573/files/PremiumRoseGoldFoilLuxuryLid_BaseGiftBoxXLBP-00002_5.png?v=1762316990,6,"",,,,,,,,,,,,,,,,
premium-rose-gold-foil-luxury-lid-base-gift-box-1,,,,,,,,,,,,,,,,,,,,,,,,,,,,,,,,https://cdn.shopify.com/s/files/1/0727/3614/5573/files/PremiumRoseGoldFoilLuxuryLid_BaseGiftBoxXLBP-00002_3.png?v=1762316990,7,"",,,,,,,,,,,,,,,,
premium-white-custom-lid-base-gift-box,Premium White Custom Lid & Base Gift Box,"<p><span>This Lid &amp; Base gift box measures 155mm x 62mm x 22mm and holds up to 2.5kg. The box comes in off-white color with a lotus texture finish. The box uses two layers - a textured white paper on the outside and thick black cardboard underneath. This makes it strong enough for heavier items while looking good.</span></p>
<p>Available with custom printing. Minimum orders apply. Get samples before placing large orders. Lead time depends on printing requirements.</p>
<p>Contact us for pricing on custom quantities and printing options.</p>",洧洧녿洧놁洧놑洧누,Arts & Entertainment > Party & Celebration > Gift Giving > Gift Wrapping > Gift Boxes & Tins,"","",true,Title,Default Title,,,,,,,,XLBP-00001,0.0,,0,deny,manual,0.10,,true,true,,,,,XLBP-00001,https://cdn.shopify.com/s/files/1/0727/3614/5573/files/CustomlidandbaseboxeswithpremiumprintingandfinishesXLBP0001_1.png?v=1761902754,1,"",false,,"Custom lid and base boxes with premium printing and finishes. FSC certified, any size, minimum 500 pieces. Professional packaging solutions. ",,,customizable,white; black,cardboard; paper,,rectangular,,,lb,,,active
premium-white-custom-lid-base-gift-box,,,,,,,,,,,,,,,,,,,,,,,,,,,,,,,,https://cdn.shopify.com/s/files/1/0727/3614/5573/files/CustomlidandbaseboxeswithpremiumprintingandfinishesXLBP0001_2.png?v=1761902754,2,"",,,,,,,,,,,,,,,,
premium-white-custom-lid-base-gift-box,,,,,,,,,,,,,,,,,,,,,,,,,,,,,,,,https://cdn.shopify.com/s/files/1/0727/3614/5573/files/CustomlidandbaseboxeswithpremiumprintingandfinishesXLBP0001_4.png?v=1761902754,3,"",,,,,,,,,,,,,,,,
premium-white-custom-lid-base-gift-box,,,,,,,,,,,,,,,,,,,,,,,,,,,,,,,,https://cdn.shopify.com/s/files/1/0727/3614/5573/files/CustomlidandbaseboxeswithpremiumprintingandfinishesXLBP0001_3.png?v=1761902754,4,"",,,,,,,,,,,,,,,,
premium-white-custom-lid-base-gift-box,,,,,,,,,,,,,,,,,,,,,,,,,,,,,,,,https://cdn.shopify.com/s/files/1/0727/3614/5573/files/CustomlidandbaseboxeswithpremiumprintingandfinishesXLBP0001_6.png?v=1761902754,5,"",,,,,,,,,,,,,,,,
premium-white-custom-lid-base-gift-box,,,,,,,,,,,,,,,,,,,,,,,,,,,,,,,,https://cdn.shopify.com/s/files/1/0727/3614/5573/files/CustomlidandbaseboxeswithpremiumprintingandfinishesXLBP0001_7.png?v=1761902754,6,"",,,,,,,,,,,,,,,,
premium-white-custom-lid-base-gift-box,,,,,,,,,,,,,,,,,,,,,,,,,,,,,,,,https://cdn.shopify.com/s/files/1/0727/3614/5573/files/Custom_lid_and_base_boxes_with_premium_printing_and_finishes_XLBP0001.png?v=1761902848,7,"",,,,,,,,,,,,,,,,
test,TEST,<p>ItS JUST A TEST PRODUCT FOR PRODUCT PAGE LAYOUT</p>,洧洧녿洧놁洧놑洧누,"Electronics > Print, Copy, Scan & Fax > Printers, Copiers & Fax Machines","","",false,Title,Default Title,,,,,,,,,0.0,shopify,1,continue,manual,0.00,,true,true,,,,,"",https://cdn.shopify.com/s/files/1/0727/3614/5573/files/01.png?v=1761105842,1,"",false,,,,,,black; white,,,,,,lb,,,draft
test,,,,,,,,,,,,,,,,,,,,,,,,,,,,,,,,https://cdn.shopify.com/s/files/1/0727/3614/5573/files/02.png?v=1761105842,2,"",,,,,,,,,,,,,,,,
test,,,,,,,,,,,,,,,,,,,,,,,,,,,,,,,,https://cdn.shopify.com/s/files/1/0727/3614/5573/files/03.png?v=1761105842,3,"",,,,,,,,,,,,,,,,
test,,,,,,,,,,,,,,,,,,,,,,,,,,,,,,,,https://cdn.shopify.com/s/files/1/0727/3614/5573/files/04.png?v=1761105842,4,"",,,,,,,,,,,,,,,,
test,,,,,,,,,,,,,,,,,,,,,,,,,,,,,,,,https://cdn.shopify.com/s/files/1/0727/3614/5573/files/05.png?v=1761105843,5,"",,,,,,,,,,,,,,,,
test,,,,,,,,,,,,,,,,,,,,,,,,,,,,,,,,https://cdn.shopify.com/s/files/1/0727/3614/5573/files/06.png?v=1761105842,6,"",,,,,,,,,,,,,,,,
living-terrarium-moss,Living Terrarium Moss,"<div class=""content-block product-rte rte content-slide"" data-content-slide="""">
<div class=""content-slide-content visible"" data-height="""" data-max-height=""222"" data-revealer-visible=""true"">
<div class=""content-slide-space"">
<p>Each container contains two layers of fresh moss, usually including multiple pieces of different varieties of moss- enough to make 1-2 medium/large or 2-3 medium/small terrariums. Each container is sealed, keeping the moisture</p>
<p><strong>Dimensions:</strong><span></span>7"" x 7"" x 2"" high</p>
<p><small><em>This is a demo shop for the Shopify Bespoke theme. To purchase this product, please visit<a rel=""noopener noreferrer"" href=""https://luluandangel.com.au/"" target=""_blank"">Lulu &amp; Angel</a>.</em></small></p>
</div>
</div>
</div>",洧洧녿洧놁洧놑洧누,Home & Garden > Plants > Indoor & Outdoor Plants,"","",false,Title,Default Title,,,,,,,,,0.0,shopify,0,deny,manual,45.00,,true,true,,,,,"",https://cdn.shopify.com/s/files/1/0727/3614/5573/files/IMG_4853.webp?v=1758159205,1,"",false,,,,,,green,,bryophyta,,indoors,,lb,,,draft
living-terrarium-moss,,,,,,,,,,,,,,,,,,,,,,,,,,,,,,,,https://cdn.shopify.com/s/files/1/0727/3614/5573/files/IMG_4847.webp?v=1758159205,2,"",,,,,,,,,,,,,,,,
living-terrarium-moss,,,,,,,,,,,,,,,,,,,,,,,,,,,,,,,,https://cdn.shopify.com/s/files/1/0727/3614/5573/files/IMG_4849.webp?v=1758159205,3,"",,,,,,,,,,,,,,,,
